,core_code,core,unit,depth,order,type,density (g/cm3),P (mg/kg),P Density (kg/m3)
0,06315,6,3.0,1.5,2,erosion,1.636119383106113,466.0678642714571,0.7625426665773999
1,06320,6,3.0,2.0,2,erosion,1.4348595302864124,534.3434343434343,0.7667077692136486
2,06320,6,3.0,2.0,2,erosion,1.4348595302864124,860.4417670682731,1.234613069734393
3,06320,6,3.0,2.0,2,erosion,1.4348595302864124,1107.072691552063,1.5884938021933073
4,06325,6,3.0,2.5,2,erosion,1.674810562974717,270.8333333333333,0.45359452747231915
5,06325,6,3.0,2.5,2,erosion,1.674810562974717,478.131212723658,0.8007792055574938
6,06325,6,3.0,2.5,2,erosion,1.674810562974717,354.251012145749,0.5933033370861851
7,06330,6,3.0,3.0,2,erosion,1.4673896942523723,482.89738430583503,0.7085986451118096
8,06330,6,3.0,3.0,2,erosion,1.4673896942523723,424.6031746031746,0.623058322559539
9,06330,6,3.0,3.0,2,erosion,1.4673896942523723,491.07142857142856,0.7205931534275043
10,06335,6,3.0,3.5,2,erosion,1.5106810993282833,591.1764705882352,0.8930791204852497
11,06335,6,3.0,3.5,2,erosion,1.5106810993282833,619.8019801980198,0.9363231368113915
12,06339,6,3.0,3.9,2,erosion,1.5883920465802985,254.9800796812749,0.40500833060214786
13,06339,6,3.0,3.9,2,erosion,1.5883920465802985,1382.2937625754528,2.1956244185124048
14,06339,6,3.0,3.9,2,erosion,1.5883920465802985,457.17131474103587,0.7261672802593198
15,06345,6,3.0,4.5,2,erosion,1.9587101757685472,366.14173228346453,0.7171655367971451
16,06345,6,3.0,4.5,2,erosion,1.9587101757685472,278.54330708661416,0.5455856099827745
17,06345,6,3.0,4.5,2,erosion,1.9587101757685472,402.4144869215292,0.7882133504098782
18,10100,10,1.0,0.0,4,erosion,1.0081064954299452,524.2424242424242,0.5284921930587289
19,10100,10,1.0,0.0,4,erosion,1.0081064954299452,475.1984126984127,0.4790506064592696
20,10100,10,1.0,0.0,4,erosion,1.0081064954299452,503.0120481927711,0.5070897130626532
21,10105,10,1.0,0.5,4,erosion,1.2601331192874317,370.7070707070707,0.4671402573520075
22,10105,10,1.0,0.5,4,erosion,1.2601331192874317,338.4146341463415,0.4264474885393442
23,10110,10,1.0,1.0,4,erosion,0.9794372347629756,351.3779527559055,0.34415265040391957
24,10110,10,1.0,1.0,4,erosion,0.9794372347629756,384.2315369261477,0.3763306740356743
25,10110,10,1.0,1.0,4,erosion,0.9794372347629756,381.3387423935091,0.37349736335788924
26,10200,10,2.0,0.0,4,erosion,1.2043553886488287,538.3064516129032,0.64831227574443
27,10200,10,2.0,0.0,4,erosion,1.2043553886488287,526.6798418972332,0.634309705681646
28,10200,10,2.0,0.0,4,erosion,1.2043553886488287,520.6286836935167,0.6270219606914333
29,10205,10,2.0,0.5,4,erosion,1.2356533494342599,452.09580838323353,0.5586336998939319
30,10205,10,2.0,0.5,4,erosion,1.2356533494342599,497.9757085020243,0.6153253521474249
31,10205,10,2.0,0.5,4,erosion,1.2356533494342599,515.2129817444219,0.6366246465645071
32,10210,10,2.0,1.0,4,erosion,1.1990979884119062,399.2094861660079,0.47869129181661074
33,10210,10,2.0,1.0,4,erosion,1.1990979884119062,340.3193612774451,0.4080762615254092
34,10210,10,2.0,1.0,4,erosion,1.1990979884119062,387.67395626242546,0.4648590611139597
35,10216,10,2.0,1.6,4,erosion,1.179054150008638,395.16129032258067,0.465916559277607
36,10216,10,2.0,1.6,4,erosion,1.179054150008638,390.56224899598396,0.46049404051542187
37,10216,10,2.0,1.6,4,erosion,1.179054150008638,356.99797160243406,0.4209199399625158
38,10220,10,2.0,2.0,4,erosion,1.2086270263413286,365.9274193548387,0.442269768711595
39,10220,10,2.0,2.0,4,erosion,1.2086270263413286,363.08316430020284,0.43883212518275416
40,10220,10,2.0,2.0,4,erosion,1.2086270263413286,369.4331983805668,0.4465069479904706
41,10300,10,3.0,0.0,4,erosion,1.0221536116879733,401.5904572564612,0.4104871363041165
42,10300,10,3.0,0.0,4,erosion,1.0221536116879733,387.3517786561265,0.39593301954712007
43,10300,10,3.0,0.0,4,erosion,1.0221536116879733,365.58044806517313,0.37367937535232426
44,10305,10,3.0,0.5,4,erosion,1.2635011413142103,348.0492813141684,0.43976066417404247
45,10305,10,3.0,0.5,4,erosion,1.2635011413142103,320.7920792079208,0.40532115820376646
46,10305,10,3.0,0.5,4,erosion,1.2635011413142103,331.02766798418975,0.4182538363046052
47,10310,10,3.0,1.0,4,erosion,1.2211133519040203,707.5848303393213,0.8640412839320862
48,10310,10,3.0,1.0,4,erosion,1.2211133519040203,766.798418972332,0.9363477876260077
49,10310,10,3.0,1.0,4,erosion,1.2211133519040203,752.4557956777996,0.9188338188197246
50,10315,10,3.0,1.5,4,erosion,1.5145420026272736,505.9642147117296,0.7663040550072387
51,10315,10,3.0,1.5,4,erosion,1.5145420026272736,575.0507099391481,0.8709384538434728
52,10315,10,3.0,1.5,4,erosion,1.5145420026272736,608.4812623274162,0.9215704296065363
53,10320,10,3.0,2.0,4,erosion,1.243621596668346,769.4610778443114,0.9569184142028889
54,10320,10,3.0,2.0,4,erosion,1.243621596668346,762.1951219512196,0.9478823145338003
55,10320,10,3.0,2.0,4,erosion,1.243621596668346,737.0517928286853,0.9166135274248765
56,10323,10,3.0,2.3,4,erosion,1.7420888566315882,307.9268292682927,0.5364358979261903
57,10323,10,3.0,2.3,4,erosion,1.7420888566315882,315.5241935483871,0.5496711815783136
58,10323,10,3.0,2.3,4,erosion,1.7420888566315882,267.82077393075355,0.4665675858392135
59,17100,17,1.0,0.0,5,erosion,1.3859821374587709,471.0,0.6527975867430811
60,17100,17,1.0,0.0,5,erosion,1.3859821374587709,441.0569105691057,0.6112969996515311
61,17100,17,1.0,0.0,5,erosion,1.3859821374587709,529.5315682281059,0.7339212947846852
62,17103,17,1.0,0.3,5,erosion,1.217416742362434,430.99999999999994,0.524706615958209
63,17103,17,1.0,0.3,5,erosion,1.217416742362434,373.50597609561754,0.4547124286712279
64,17103,17,1.0,0.3,5,erosion,1.217416742362434,471.0,0.5734032856527065
65,17200,17,2.0,0.0,5,erosion,1.2200454424808953,504.9212598425197,0.6160268818825781
66,17200,17,2.0,0.0,5,erosion,1.2200454424808953,512.1703853955376,0.6248711444755093
67,17200,17,2.0,0.0,5,erosion,1.2200454424808953,470.35573122529644,0.5738553662261919
68,17205,17,2.0,0.5,5,erosion,1.2072305294033958,599.403578528827,0.7236182994336456
69,17205,17,2.0,0.5,5,erosion,1.2072305294033958,609.3117408906883,0.7355797355271704
70,17205,17,2.0,0.5,5,erosion,1.2072305294033958,664.3426294820717,0.8020147042948855
71,17210,17,2.0,1.0,5,erosion,1.3511518608891575,665.9919028340081,0.899856198851281
72,17210,17,2.0,1.0,5,erosion,1.3511518608891575,588.5311871227365,0.7951950086721904
73,17210,17,2.0,1.0,5,erosion,1.3511518608891575,530.060120240481,0.7161917178460565
74,17300,17,3.0,0.0,5,erosion,1.11235088450268,605.2631578947369,0.6732650090410959
75,17300,17,3.0,0.0,5,erosion,1.11235088450268,571.1462450592885,0.635315030872084
76,17300,17,3.0,0.0,5,erosion,1.11235088450268,630.6042884990253,0.701453238083074
77,17305,17,3.0,0.5,5,erosion,1.070784563879509,584.6613545816733,0.62604635358294
78,17305,17,3.0,0.5,5,erosion,1.070784563879509,545.4545454545455,0.5840643075706413
79,17305,17,3.0,0.5,5,erosion,1.070784563879509,643.0,0.6885144745745243
80,17310,17,3.0,1.0,5,erosion,1.3273292660656013,590.4572564612326,0.7837311968617965
81,17310,17,3.0,1.0,5,erosion,1.3273292660656013,498.9939637826962,0.6623292917188515
82,17310,17,3.0,1.0,5,erosion,1.3273292660656013,650.0,0.8627640229426409
83,17315,17,3.0,1.5,5,erosion,1.2726194448501231,592.741935483871,0.7543349128748714
84,17315,17,3.0,1.5,5,erosion,1.2726194448501231,636.71875,0.8103006621506644
85,17315,17,3.0,1.5,5,erosion,1.2726194448501231,618.3431952662722,0.7869155738866147
86,17325,17,3.0,2.5,5,erosion,1.3013708523957948,606.1507936507936,0.7888269750137208
87,17325,17,3.0,2.5,5,erosion,1.3013708523957948,302.1653543307087,0.3932291847298317
88,17325,17,3.0,2.5,5,erosion,1.3013708523957948,583.8323353293413,0.7597823838837724
89,17330,17,3.0,3.0,5,erosion,1.2935668989191125,593.1174089068826,0.7672370473346153
90,17330,17,3.0,3.0,5,erosion,1.2935668989191125,575.0,0.7438009668784897
91,17330,17,3.0,3.0,5,erosion,1.2935668989191125,535.569105691057,0.692794467205663
92,17335,17,3.0,3.5,5,erosion,1.4890490879367781,273.9043824701195,0.4078570708990179
93,17335,17,3.0,3.5,5,erosion,1.4890490879367781,698.6027944111777,1.0402538538480488
94,17335,17,3.0,3.5,5,erosion,1.4890490879367781,581.8540433925049,0.8664092326259359
95,17340,17,3.0,4.0,5,erosion,1.3097498340233904,510.93439363817095,0.669196237264436
96,17340,17,3.0,4.0,5,erosion,1.3097498340233904,524.6548323471401,0.6871665795862365
97,17340,17,3.0,4.0,5,erosion,1.3097498340233904,500.00000000000006,0.6548749170116953
98,17343,17,3.0,4.3,5,erosion,1.247564646846038,1173.0382293762575,1.4634410243686924
99,17343,17,3.0,4.3,5,erosion,1.247564646846038,1052.0,1.312438008482032
100,17343,17,3.0,4.3,5,erosion,1.247564646846038,835.0,1.0417164801164418
101,07100,7,1.0,0.0,3,erosion,1.2461681499081054,329.6812749003984,0.410838304401975
102,07100,7,1.0,0.0,3,erosion,1.2461681499081054,299.0,0.3726042768225235
103,07100,7,1.0,0.0,3,erosion,1.2461681499081054,321.8503937007874,0.40107970966530554
104,07103,7,1.0,0.3,3,erosion,1.0930463680077291,394.78957915831666,0.4315233156262979
105,07103,7,1.0,0.3,3,erosion,1.0930463680077291,355.7114228456914,0.38880907880034454
106,07103,7,1.0,0.3,3,erosion,1.0930463680077291,372.4899598393574,0.40714879772175455
107,07200,7,2.0,0.0,3,erosion,1.0955107743687866,489.02195608782444,0.5357288217971113
108,07200,7,2.0,0.0,3,erosion,1.0955107743687866,560.204081632653,0.6137096072739426
109,07200,7,2.0,0.0,3,erosion,1.0955107743687866,527.7777777777778,0.5781862420279709
110,07205,7,2.0,0.5,3,erosion,0.9554503461820154,483.16831683168317,0.4616433355810134
111,07205,7,2.0,0.5,3,erosion,0.9554503461820154,469.00000000000006,0.44810621235936526
112,07205,7,2.0,0.5,3,erosion,0.9554503461820154,450.3968253968254,0.4303318027446776
113,07210,7,2.0,1.0,3,erosion,1.0061349703410993,470.05988023952096,0.4729436836633311
114,07210,7,2.0,1.0,3,erosion,1.0061349703410993,478.8306451612903,0.48176825696776426
115,07210,7,2.0,1.0,3,erosion,1.0061349703410993,517.0682730923695,0.5202404716121147
116,07300,7,3.0,0.0,3,erosion,1.068895185669365,475.0499001996008,0.5077785512760655
117,07300,7,3.0,0.0,3,erosion,1.068895185669365,521.2981744421907,0.5572131089594864
118,07300,7,3.0,0.0,3,erosion,1.068895185669365,363.45381526104416,0.3884940333456929
119,07305,7,3.0,0.5,3,erosion,1.1751932467096475,190.66937119675455,0.22407335738480094
120,07305,7,3.0,0.5,3,erosion,1.1751932467096475,211.46245059288538,0.2485092438694314
121,07305,7,3.0,0.5,3,erosion,1.1751932467096475,123.046875,0.14460385652872618
122,07310,7,3.0,1.0,3,erosion,1.4295199831707879,123.52941176470588,0.17658776262697967
123,07310,7,3.0,1.0,3,erosion,1.4295199831707879,244.5759368836292,0.3496261891778653
124,07310,7,3.0,1.0,3,erosion,1.4295199831707879,224.7983870967742,0.3213537865394009
125,07315,7,3.0,1.5,3,erosion,1.3076961620558425,934.6534653465346,1.2222427494858565
126,07315,7,3.0,1.5,3,erosion,1.3076961620558425,1007.936507936508,1.3180747030245397
127,07315,7,3.0,1.5,3,erosion,1.3076961620558425,916.8316831683168,1.198937273330406
128,07320,7,3.0,2.0,3,erosion,1.394114678450261,380.95238095238096,0.53109130607629
129,07320,7,3.0,2.0,3,erosion,1.394114678450261,371.51394422310756,0.5179330428903858
130,07320,7,3.0,2.0,3,erosion,1.394114678450261,388.2352941176471,0.541244522221866
131,07325,7,3.0,2.5,3,erosion,1.2947169552209394,248.046875,0.3211504947520689
132,07325,7,3.0,2.5,3,erosion,1.2947169552209394,207.07070707070704,0.2680979553740329
133,07325,7,3.0,2.5,3,erosion,1.2947169552209394,291.2524850894632,0.3770895306955619
134,07330,7,3.0,3.0,3,erosion,1.2693335697020465,1278.6561264822135,1.6230411454490594
135,07330,7,3.0,3.0,3,erosion,1.2693335697020465,810.2040816326531,1.028419239125944
136,07330,7,3.0,3.0,3,erosion,1.2693335697020465,881.4741035856574,1.118884670504294
137,07335,7,3.0,3.5,3,erosion,1.5212780466808309,308.16326530612247,0.4688020103036847
138,07335,7,3.0,3.5,3,erosion,1.5212780466808309,326.0869565217391,0.4960689282654884
139,07335,7,3.0,3.5,3,erosion,1.5212780466808309,263.36633663366337,0.40065342615554556
140,07345,7,3.0,4.5,3,erosion,1.639240964496786,276.1806981519507,0.4527267140139994
141,07345,7,3.0,4.5,3,erosion,1.639240964496786,296.3340122199593,0.4857628520046484
142,07345,7,3.0,4.5,3,erosion,1.639240964496786,272.72727272727275,0.4470657175900326
143,01400,1,4.0,0.0,6,erosion,,311.7647058823529,
144,01400,1,4.0,0.0,6,erosion,,299.21259842519686,
145,01400,1,4.0,0.0,6,erosion,,324.8987854251012,
146,14105,14,1.0,0.5,1,erosion,1.1337912198438806,231.16089613034623,0.26208819440382985
147,14200,14,2.0,0.0,1,erosion,1.0767812860247492,190.4296875,0.20505112380354112
148,14200,14,2.0,0.0,1,erosion,1.0767812860247492,183.09859154929578,0.197157136877771
149,14200,14,2.0,0.0,1,erosion,1.0767812860247492,323.3532934131737,0.34818077512177525
150,14205,14,2.0,0.5,1,erosion,1.253725662748682,117.87819253438114,0.14778691505878375
151,14205,14,2.0,0.5,1,erosion,1.253725662748682,159.59595959595958,0.2000895502164563
152,14205,14,2.0,0.5,1,erosion,1.253725662748682,125.96899224806201,0.1579305582919851
153,14300,14,3.0,0.0,1,erosion,1.2936490457978143,193.5483870967742,0.2503836862834479
154,14300,14,3.0,0.0,1,erosion,1.2936490457978143,156.6147859922179,0.20260456845666155
155,14300,14,3.0,0.0,1,erosion,1.2936490457978143,71.70923379174853,0.09276658186958786
156,14305,14,3.0,0.5,1,erosion,1.2357354963129616,155.31062124248498,0.19192284762375658
157,14305,14,3.0,0.5,1,erosion,1.2357354963129616,249.498997995992,0.3083147681181638
158,14305,14,3.0,0.5,1,erosion,1.2357354963129616,161.67664670658684,0.19978957126017943
159,14310,14,3.0,1.0,1,erosion,1.246661031180317,271.0843373493976,0.33795027953683293
160,14310,14,3.0,1.0,1,erosion,1.246661031180317,104.95049504950495,0.1308376923813006
161,14310,14,3.0,1.0,1,erosion,1.246661031180317,127.18446601941747,0.15855591755788498
162,14315,14,3.0,1.5,1,erosion,1.2337639712241157,213.01775147928993,0.2628136270063205
163,14315,14,3.0,1.5,1,erosion,1.2337639712241157,219.1919191919192,0.2704310926824577
164,14315,14,3.0,1.5,1,erosion,1.2337639712241157,228.4313725490196,0.2818303973482539
165,14320,14,3.0,2.0,1,erosion,1.3349689257848794,206.12244897959184,0.2751670642944343
166,14320,14,3.0,2.0,1,erosion,1.3349689257848794,323.2323232323232,0.4315051073244054
167,14320,14,3.0,2.0,1,erosion,1.3349689257848794,219.92110453648914,0.2935878406805011
168,14325,14,3.0,2.5,1,erosion,1.476918732181795,263.47305389221555,0.3891282887185567
169,14325,14,3.0,2.5,1,erosion,1.476918732181795,228.7128712871287,0.3377903238950442
170,14325,14,3.0,2.5,1,erosion,1.476918732181795,270.45908183632736,0.3994460842527609
171,14330,14,3.0,3.0,1,erosion,1.4652538754061224,239.3939393939394,0.3507728974457081
172,14330,14,3.0,3.0,1,erosion,1.4652538754061224,258.7890625,0.37919167674084225
173,14330,14,3.0,3.0,1,erosion,1.4652538754061224,302.0,0.44250667037264896
174,14334,14,3.0,3.4,1,erosion,1.8556979898763415,784.4488188976378,1.4557000963892166
175,14334,14,3.0,3.4,1,erosion,1.8556979898763415,143.98422090729784,0.2671912293115837
176,14334,14,3.0,3.4,1,erosion,1.8556979898763415,368.52589641434264,0.6838727651934724
177,16100,16,1.0,0.0,5,erosion,0.9652258247475438,422.0907297830375,0.407412872773125
178,16100,16,1.0,0.0,5,erosion,0.9652258247475438,454.0918163672655,0.43830114796420405
179,16100,16,1.0,0.0,5,erosion,0.9652258247475438,438.99999999999994,0.4237341370641717
180,16103,16,1.0,0.3,5,erosion,1.1831614939437336,265.59356136820924,0.31424007485024713
181,16103,16,1.0,0.3,5,erosion,1.1831614939437336,303.82293762575455,0.35947160077566154
182,16103,16,1.0,0.3,5,erosion,1.1831614939437336,315.8953722334004,0.3737552405415818
183,16200,16,2.0,0.0,5,erosion,1.0771920204182588,289.0466531440162,0.31135874829533844
184,16200,16,2.0,0.0,5,erosion,1.0771920204182588,306.06060606060606,0.329686042612861
185,16200,16,2.0,0.0,5,erosion,1.0771920204182588,274.4510978043912,0.29563653254992134
186,16205,16,2.0,0.5,5,erosion,1.0552588038048465,373.2943469785575,0.3939221460597039
187,16205,16,2.0,0.5,5,erosion,1.0552588038048465,404.0,0.42632455673715797
188,16205,16,2.0,0.5,5,erosion,1.0552588038048465,466.0,0.49175060257305847
189,16208,16,2.0,0.8,5,erosion,1.1690322308070038,455.35714285714283,0.5323271765281892
190,16208,16,2.0,0.8,5,erosion,1.1690322308070038,414.8296593186372,0.48494924203817585
191,16208,16,2.0,0.8,5,erosion,1.1690322308070038,232.28346456692913,0.27154685676225676
192,16300,16,3.0,0.0,5,erosion,1.1998373103202233,381.3387423935091,0.4575444509943245
193,16300,16,3.0,0.0,5,erosion,1.1998373103202233,428.85375494071144,0.5145547358487914
194,16300,16,3.0,0.0,5,erosion,1.1998373103202233,405.99999999999994,0.4871339479900106
195,16305,16,3.0,0.5,5,erosion,1.2709765072760848,344.758064516129,0.43817940069397276
196,16305,16,3.0,0.5,5,erosion,1.2709765072760848,291.75050301810865,0.3708080353219966
197,16310,16,3.0,1.0,5,erosion,1.226452899019645,190.8548707753479,0.23407450955444517
198,16310,16,3.0,1.0,5,erosion,1.226452899019645,227.99999999999997,0.27963126097647906
199,16315,16,3.0,1.5,5,erosion,1.1372413887493613,298.804780876494,0.33981316396893263
200,16315,16,3.0,1.5,5,erosion,1.1372413887493613,154.69061876247505,0.17592057410793516
201,16320,16,3.0,2.0,5,erosion,1.371688580564637,241.22376936654246,0.330883889800844
202,16320,16,3.0,2.0,5,erosion,1.371688580564637,307.6923076923077,0.4220580247891191
203,16325,16,3.0,2.5,5,erosion,1.440445518038143,278.86497064579254,0.4016897971045702
204,16325,16,3.0,2.5,5,erosion,1.440445518038143,308.4479371316306,0.44430244858936824
205,16330,16,3.0,3.0,5,erosion,1.3983041692640588,294.949494949495,0.41242910851020725
206,16330,16,3.0,3.0,5,erosion,1.3983041692640588,296.03960396039605,0.41395341248510253
207,16335,16,3.0,3.5,5,erosion,1.4659110504357376,399.0,0.5848985091238593
208,16335,16,3.0,3.5,5,erosion,1.4659110504357376,383.53413654618475,0.5622269289823814
209,16340,16,3.0,4.0,5,erosion,1.2765624950278154,381.76352705410824,0.4873450006068113
210,16340,16,3.0,4.0,5,erosion,1.2765624950278154,315.84158415841586,0.4031915207068051
211,16345,16,3.0,4.5,5,erosion,1.6226472949989983,145.3252032520325,0.23581154795209017
212,16345,16,3.0,4.5,5,erosion,1.6226472949989983,129.32790224032587,0.20985357073815966
213,02100,2,1.0,0.0,4,erosion,1.0104887549123007,685.0,0.692184797114926
214,02100,2,1.0,0.0,4,erosion,1.0104887549123007,947.7911646586346,0.957732313892783
215,02100,2,1.0,0.0,4,erosion,1.0104887549123007,872.7810650887574,0.8819354517725702
216,02105,2,1.0,0.5,4,erosion,0.9621042433568707,524.0,0.5041426235190003
217,02105,2,1.0,0.5,4,erosion,0.9621042433568707,583.3333333333334,0.561227475291508
218,02105,2,1.0,0.5,4,erosion,0.9621042433568707,562.2489959839357,0.5409421448592848
219,02110,2,1.0,1.0,4,erosion,0.9780407378250431,531.7460317460317,0.5200692812244276
220,02110,2,1.0,1.0,4,erosion,0.9780407378250431,480.3536345776031,0.46980542317922
221,02110,2,1.0,1.0,4,erosion,0.9780407378250431,512.6953125,0.501436901716941
222,02200,2,2.0,0.0,4,erosion,0.9585719275726883,622.2444889779559,0.5964660992210816
223,02200,2,2.0,0.0,4,erosion,0.9585719275726883,643.9688715953307,0.6172904825419452
224,02200,2,2.0,0.0,4,erosion,0.9585719275726883,634.4621513944223,0.6081776074340662
225,02205,2,2.0,0.5,4,erosion,1.0012061576189841,230.69306930693068,0.23097132151012206
226,02205,2,2.0,0.5,4,erosion,1.0012061576189841,253.95256916996047,0.2542588759961254
227,02205,2,2.0,0.5,4,erosion,1.0012061576189841,240.11857707509884,0.24040819792629758
228,02300,2,3.0,0.0,4,erosion,1.127548057062535,295.36290322580646,0.3330358676606076
229,02300,2,3.0,0.0,4,erosion,1.127548057062535,276.23762376237624,0.3114711959608389
230,02300,2,3.0,0.0,4,erosion,1.127548057062535,276.0,0.3112032637492596
231,02305,2,3.0,0.5,4,erosion,1.1261926335639534,381.60469667318984,0.4297603983267533
232,02305,2,3.0,0.5,4,erosion,1.1261926335639534,405.0,0.45610801659340117
233,02305,2,3.0,0.5,4,erosion,1.1261926335639534,403.75,0.4547002758014462
234,02310,2,3.0,1.0,4,erosion,1.1237693006422467,350.4950495049505,0.3938755766607478
235,02310,2,3.0,1.0,4,erosion,1.1237693006422467,306.0344827586207,0.34391215666206687
236,02310,2,3.0,1.0,4,erosion,1.1237693006422467,378.5425101214575,0.42539445186255087
237,02315,2,3.0,1.5,4,erosion,1.0725096483322494,535.4330708661417,0.574257134540102
238,02315,2,3.0,1.5,4,erosion,1.0725096483322494,582.9959514170041,0.6252687828333763
239,02315,2,3.0,1.5,4,erosion,1.0725096483322494,561.6438356164383,0.6023684326249619
240,02325,2,3.0,2.5,4,erosion,1.1393772075956112,516.8316831683168,0.5888662399652564
241,02325,2,3.0,2.5,4,erosion,1.1393772075956112,563.6363636363636,0.6421944260993445
242,02325,2,3.0,2.5,4,erosion,1.1393772075956112,552.1653543307086,0.6291246195483641
243,02330,2,3.0,3.0,4,erosion,1.211337873338492,1764.763779527559,2.137725203637713
244,02330,2,3.0,3.0,4,erosion,1.211337873338492,1854.7094188376757,2.2466797630757007
245,02330,2,3.0,3.0,4,erosion,1.211337873338492,1828.6852589641435,2.215155712599075
246,08100,8,1.0,0.0,1,erosion,1.1751932467096478,324.5967741935484,0.38146393693599456
247,08100,8,1.0,0.0,1,erosion,1.1751932467096478,323.3532934131737,0.38000260672048497
248,01100,1,1.0,0.0,6,erosion,1.2116664608532997,478.95791583166334,0.5803372427734241
249,01100,1,1.0,0.0,6,erosion,1.2116664608532997,473.5812133072407,0.573822472654596
250,01100,1,1.0,0.0,6,erosion,1.2116664608532997,502.9239766081871,0.6093761148151098
251,01102,1,1.0,0.2,6,erosion,1.2092842013709442,548.5537190082645,0.6633573459999704
252,01102,1,1.0,0.2,6,erosion,1.2092842013709442,527.0541082164328,0.6373582063337843
253,01102,1,1.0,0.2,6,erosion,1.2092842013709442,516.6994106090373,0.6248364341071871
254,01200,1,2.0,0.0,6,erosion,1.1447989015899378,662.0,0.7578568728525388
255,01200,1,2.0,0.0,6,erosion,1.1447989015899378,659.1355599214145,0.7545776649969039
256,01200,1,2.0,0.0,6,erosion,1.1447989015899378,706.6929133858267,0.8090212710054875
257,01205,1,2.0,0.5,6,erosion,1.2270279271705582,554.1922290388549,0.6800093420515773
258,01205,1,2.0,0.5,6,erosion,1.2270279271705582,532.6295585412668,0.65355134316666
259,01205,1,2.0,0.5,6,erosion,1.2270279271705582,572.5490196078431,0.702533636732947
260,01210,1,2.0,1.0,6,erosion,1.2963598927949778,539.2927308447937,0.6991174667430675
261,01210,1,2.0,1.0,6,erosion,1.2963598927949778,580.6142034548944,0.7526849665460283
262,01210,1,2.0,1.0,6,erosion,1.2963598927949778,530.3643724696357,0.6875431010370125
263,01305,1,3.0,0.5,6,erosion,1.117526137860901,502.01207243460766,0.561011612467394
264,01305,1,3.0,0.5,6,erosion,1.117526137860901,542.9447852760736,0.6067549889612867
265,01305,1,3.0,0.5,6,erosion,1.117526137860901,526.8595041322313,0.5887792668482018
266,01310,1,3.0,1.0,6,erosion,1.267937072764114,507.6923076923077,0.6437218984802424
267,01315,1,3.0,1.5,6,erosion,1.3367761571163217,510.35196687370603,0.6822263410541891
268,01315,1,3.0,1.5,6,erosion,1.3367761571163217,527.6639344262295,0.7053685665111739
269,01315,1,3.0,1.5,6,erosion,1.3367761571163217,530.060120240481,0.7085717305756856
270,01325,1,3.0,2.5,6,erosion,1.4692790724625164,498.96480331262944,0.7331185434026221
271,01325,1,3.0,2.5,6,erosion,1.4692790724625164,497.1153846153846,0.7304012312145394
272,01325,1,3.0,2.5,6,erosion,1.4692790724625164,509.9601593625498,0.7492737899410442
273,01330,1,3.0,3.0,6,erosion,1.3246184190684378,821.4990138067061,1.0881727249349198
274,01330,1,3.0,3.0,6,erosion,1.3246184190684378,816.2055335968379,1.0811608835479543
275,01330,1,3.0,3.0,6,erosion,1.3246184190684378,793.2038834951456,1.0506924741542853
276,01335,1,3.0,3.5,6,erosion,1.290116730013632,283.65384615384613,0.3659465724557898
277,01335,1,3.0,3.5,6,erosion,1.290116730013632,311.2449799196787,0.4015423557271345
278,01335,1,3.0,3.5,6,erosion,1.290116730013632,292.1686746987952,0.3769316952148263
279,04100,4,1.0,0.0,4,erosion,0.8021642705242353,791.501976284585,0.6349146054248148
280,04100,4,1.0,0.0,4,erosion,0.8021642705242353,759.3688362919132,0.6091385486229401
281,04100,4,1.0,0.0,4,erosion,0.8021642705242353,724.3460764587525,0.5810445420296271
282,04103,4,1.0,0.3,4,erosion,0.9800122629138892,591.7159763313609,0.5798889129667983
283,04103,4,1.0,0.3,4,erosion,0.9800122629138892,588.5826771653543,0.576818241360734
284,04103,4,1.0,0.3,4,erosion,0.9800122629138892,509.99999999999994,0.4998062540860834
285,04200,4,2.0,0.0,4,erosion,0.9155269631328831,641.1764705882352,0.5870143469499074
286,04200,4,2.0,0.0,4,erosion,0.9155269631328831,611.6700201207243,0.5600003959605562
287,04200,4,2.0,0.0,4,erosion,0.9155269631328831,741.0358565737051,0.678438307341499
288,04205,4,2.0,0.5,4,erosion,1.1068470436296516,437.8698224852071,0.48465491851239184
289,04205,4,2.0,0.5,4,erosion,1.1068470436296516,482.1428571428572,0.533658396035725
290,04300,4,3.0,0.0,4,erosion,1.1336269260864769,434.5703125,0.4926406075278147
291,04300,4,3.0,0.0,4,erosion,1.1336269260864769,458.8235294117647,0.520134707263207
292,04300,4,3.0,0.0,4,erosion,1.1336269260864769,436.3636363636364,0.4946735677468263
293,04305,4,3.0,0.5,4,erosion,1.0501656973253275,481.37254901960785,0.5055209386144469
294,04305,4,3.0,0.5,4,erosion,1.0501656973253275,476.90763052208837,0.5008320343669986
295,04305,4,3.0,0.5,4,erosion,1.0501656973253275,464.71774193548396,0.48803063151912907
296,04310,4,3.0,1.0,4,erosion,1.1490705392824374,547.713717693837,0.6293616969628459
297,04310,4,3.0,1.0,4,erosion,1.1490705392824374,564.8702594810379,0.6490757736864866
298,04310,4,3.0,1.0,4,erosion,1.1490705392824374,528.5433070866142,0.6073335429081386
299,04315,4,3.0,1.5,4,erosion,1.0969072713067192,2699.404761904762,2.9609967115333165
300,04315,4,3.0,1.5,4,erosion,1.0969072713067192,2516.8986083499008,2.7608043846407684
301,04315,4,3.0,1.5,4,erosion,1.0969072713067192,2454.8192771084337,2.692709114804145
302,04320,4,3.0,2.0,4,erosion,1.1914583286926277,569.8602794411178,0.678964776131228
303,04320,4,3.0,2.0,4,erosion,1.1914583286926277,570.9939148073022,0.6803154554299689
304,04320,4,3.0,2.0,4,erosion,1.1914583286926277,591.7159763313609,0.7050049282204898
305,04325,4,3.0,2.5,4,erosion,1.2118307546107032,509.0725806451613,0.6169098095548439
306,04325,4,3.0,2.5,4,erosion,1.2118307546107032,530.8764940239043,0.6433324623580725
307,04325,4,3.0,2.5,4,erosion,1.2118307546107032,476.1904761904762,0.5770622641003349
308,04330,4,3.0,3.0,4,erosion,1.2706479197612772,442.7710843373494,0.562606157243698
309,04330,4,3.0,3.0,4,erosion,1.2706479197612772,461.38613861386136,0.5862593372363912
310,04330,4,3.0,3.0,4,erosion,1.2706479197612772,446.8503937007874,0.5677895232004132
311,04335,4,3.0,3.5,4,erosion,1.3496732170725227,494.10609037328095,0.6668817565692328
312,04335,4,3.0,3.5,4,erosion,1.3496732170725227,499.003984063745,0.6734923125033206
313,04335,4,3.0,3.5,4,erosion,1.3496732170725227,501.008064516129,0.6761971662147619
314,04340,4,3.0,4.0,4,erosion,1.3188681375593032,654.2239685658153,0.862835146969053
315,04340,4,3.0,4.0,4,erosion,1.3188681375593032,692.0,0.9126567511910378
316,04340,4,3.0,4.0,4,erosion,1.3188681375593032,628.7726358148893,0.829268195145437
317,04343,4,3.0,4.3,4,erosion,1.2721265635779115,587.7712031558185,0.7477193608406659
318,04343,4,3.0,4.3,4,erosion,1.2721265635779115,568.452380952381,0.7231433739386343
319,04343,4,3.0,4.3,4,erosion,1.2721265635779115,581.3492063492064,0.7395497681117621
320,03100,3,1.0,0.0,3,erosion,0.9111731785616812,553.7848605577689,0.5045939116337597
321,03100,3,1.0,0.0,3,erosion,0.9111731785616812,562.6283367556468,0.5126518499505147
322,03105,3,1.0,0.5,3,erosion,0.9651436778688418,266.6015625,0.25730881255682986
323,03105,3,1.0,0.5,3,erosion,0.9651436778688418,367.49482401656314,0.35468530604910853
324,03105,3,1.0,0.5,3,erosion,0.9651436778688418,283.65384615384613,0.2737667163185657
325,03110,3,1.0,1.0,3,erosion,1.1010967621205172,364.35643564356434,0.4011916915449013
326,03110,3,1.0,1.0,3,erosion,1.1010967621205172,366.79536679536676,0.4038771907391858
327,03110,3,1.0,1.0,3,erosion,1.1010967621205172,366.8032786885246,0.40388590249912415
328,03113,3,1.0,1.3,3,erosion,1.2047661230423385,327.93522267206475,0.39508524682764945
329,03113,3,1.0,1.3,3,erosion,1.2047661230423385,331.32530120481925,0.3991694985983652
330,03113,3,1.0,1.3,3,erosion,1.2047661230423385,381.5533980582524,0.4596826081122709
331,03200,3,2.0,0.0,3,erosion,1.2795197826610845,476.00767754318616,0.6090612401150651
332,03200,3,2.0,0.0,3,erosion,1.2795197826610845,511.1788617886179,0.654063466136713
333,03200,3,2.0,0.0,3,erosion,1.2795197826610845,460.60606060606057,0.5893545665590448
334,03205,3,2.0,0.5,3,erosion,1.1977014914739734,602.2964509394573,0.7213713575996689
335,03300,3,3.0,0.0,3,erosion,0.998331016864417,749.4824016563148,0.7482315281675341
336,03300,3,3.0,0.0,3,erosion,0.998331016864417,684.0077071290943,0.6828661098012871
337,03300,3,3.0,0.0,3,erosion,0.998331016864417,711.340206185567,0.7101529913777812
338,03305,3,3.0,0.5,3,erosion,1.0964143900345078,550.4032258064516,0.6034700170956061
339,03305,3,3.0,0.5,3,erosion,1.0964143900345078,582.4949698189134,0.638655867032173
340,03305,3,3.0,0.5,3,erosion,1.0964143900345078,549.266247379455,0.6022234175870882
341,03310,3,3.0,1.0,3,erosion,1.0766991391460472,644.7638603696099,0.6942166934124412
342,03310,3,3.0,1.0,3,erosion,1.0766991391460472,594.0,0.639559288652752
343,03310,3,3.0,1.0,3,erosion,1.0766991391460472,633.1360946745563,0.6816970880983849
344,03315,3,3.0,1.5,3,erosion,1.0222357585666753,566.2768031189083,0.5788683973949691
345,03315,3,3.0,1.5,3,erosion,1.0222357585666753,605.9730250481696,0.6194472949310585
346,03315,3,3.0,1.5,3,erosion,1.0222357585666753,604.7430830039525,0.6181900041924953
347,03320,3,3.0,2.0,3,erosion,1.1171154034673914,642.9961089494163,0.7183008576769899
348,03320,3,3.0,2.0,3,erosion,1.1171154034673914,596.8688845401174,0.666771424770165
349,03320,3,3.0,2.0,3,erosion,1.1171154034673914,568.798449612403,0.6354135095303862
350,03325,3,3.0,2.5,3,erosion,1.2840378609896899,570.5882352941177,0.7326568971529407
351,03325,3,3.0,2.5,3,erosion,1.2840378609896899,550.4950495049505,0.7068564858517501
352,03325,3,3.0,2.5,3,erosion,1.2840378609896899,555.984555984556,0.7139052200097117
353,03330,3,3.0,3.0,3,erosion,1.2944705145848334,456.2624254473161,0.5906182566545115
354,03330,3,3.0,3.0,3,erosion,1.2944705145848334,446.42857142857144,0.5778886225825149
355,03330,3,3.0,3.0,3,erosion,1.2944705145848334,477.1371769383698,0.6176400069589663
356,03333,3,3.0,3.3,3,erosion,1.3157465561686303,428.42942345924445,0.5637045384778127
357,03333,3,3.0,3.3,3,erosion,1.3157465561686303,480.0796812749004,0.6316631873239839
358,03333,3,3.0,3.3,3,erosion,1.3157465561686303,496.031746031746,0.6526520615915825
359,01300,1,3.0,0.0,6,erosion,1.1070934842657574,476.1431411530815,0.5271349691484073
360,01300,1,3.0,0.0,6,erosion,1.1070934842657574,501.96463654223976,0.5557217784477427
361,01300,1,3.0,0.0,6,erosion,1.1070934842657574,496.00798403193613,0.5491272072655503
362,13100,13,1.0,0.0,1,erosion,1.2337639712241157,344.6601941747573,0.42522932988792345
363,13100,13,1.0,0.0,1,erosion,1.2337639712241157,357.421875,0.44097423190236945
364,13100,13,1.0,0.0,1,erosion,1.2337639712241157,353.3980582524272,0.43600979177240595
365,13105,13,1.0,0.5,1,erosion,0.9773835627954277,392.99610894941634,0.3841079371297206
366,13105,13,1.0,0.5,1,erosion,0.9773835627954277,398.82121807465614,0.38980130304021965
367,13105,13,1.0,0.5,1,erosion,0.9773835627954277,405.4054054054054,0.3962365795116599
368,13200,13,2.0,0.0,1,erosion,0.9892948602072059,506.9169960474308,0.5014903787413998
369,13200,13,2.0,0.0,1,erosion,0.9892948602072059,479.4921875,0.47435915660325984
370,13200,13,2.0,0.0,1,erosion,0.9892948602072059,476.4243614931237,0.47132417210264715
371,13205,13,2.0,0.5,1,erosion,1.2457574155145958,334.6456692913386,0.4168873240895301
372,13205,13,2.0,0.5,1,erosion,1.2457574155145958,332.3353293413174,0.41400920096443156
373,13205,13,2.0,0.5,1,erosion,1.2457574155145958,352.1400778210117,0.4386811132454122
374,13208,13,2.0,0.8,1,erosion,1.307942602691948,201.59680638722554,0.2636770516404925
375,13208,13,2.0,0.8,1,erosion,1.307942602691948,212.5984251968504,0.27806653758017796
376,13208,13,2.0,0.8,1,erosion,1.307942602691948,200.7952286282306,0.2626286339401327
377,13300,13,3.0,0.0,1,erosion,1.292909723889497,399.009900990099,0.5158837809182845
378,13300,13,3.0,0.0,1,erosion,1.292909723889497,431.1377245508982,0.557422156407448
379,13300,13,3.0,0.0,1,erosion,1.292909723889497,398.4375,0.5151437181122215
380,13310,13,3.0,1.0,1,erosion,1.2442787716979615,623.991935483871,0.7764199190333047
381,13310,13,3.0,1.0,1,erosion,1.2442787716979615,588.2352941176471,0.731928689234095
382,13310,13,3.0,1.0,1,erosion,1.2442787716979615,607.6923076923076,0.7561386381856843
383,13315,13,3.0,1.5,1,erosion,1.3820390872810786,174.08123791102514,0.24058707515531347
384,13315,13,3.0,1.5,1,erosion,1.3820390872810786,162.16216216216216,0.22411444658612087
385,13315,13,3.0,1.5,1,erosion,1.3820390872810786,173.65269461077844,0.2399948115637801
386,13320,13,3.0,2.0,1,erosion,1.5441148789599644,185.40433925049308,0.28628559886042726
387,13320,13,3.0,2.0,1,erosion,1.5441148789599644,176.64670658682635,0.27276280795999375
388,13320,13,3.0,2.0,1,erosion,1.5441148789599644,174.71042471042472,0.2697729663047814
389,13325,13,3.0,2.5,1,erosion,1.485954888839006,107.78443113772455,0.160162802389833
390,13325,13,3.0,2.5,1,erosion,1.485954888839006,108.0,0.16048312799461262
391,13325,13,3.0,2.5,1,erosion,1.485954888839006,140.1590457256461,0.20827001921103364
392,05100,5,1.0,0.0,6,erosion,1.1254122382162852,669.0140845070423,0.7529166382432894
393,05100,5,1.0,0.0,6,erosion,1.1254122382162852,700.1972386587771,0.7880105415518368
394,05100,5,1.0,0.0,6,erosion,1.1254122382162852,677.8455284552846,0.7628556533437625
395,05200,5,2.0,0.0,6,erosion,1.0419510094551359,446.21513944223113,0.4649343149759969
396,05200,5,2.0,0.0,6,erosion,1.0419510094551359,490.98196392785576,0.5115791529388944
397,05200,5,2.0,0.0,6,erosion,1.0419510094551359,443.22709163346616,0.4618209155453541
398,05205,5,2.0,0.5,6,erosion,0.9733583657390337,443.20486815415825,0.4313971661541154
399,05205,5,2.0,0.5,6,erosion,0.9733583657390337,386.77354709418836,0.3764692677106884
400,05205,5,2.0,0.5,6,erosion,0.9733583657390337,428.91183478951547,0.41748492255685316
401,05210,5,2.0,1.0,6,erosion,1.2630082600419987,312.87726358148893,0.39516656828275815
402,05210,5,2.0,1.0,6,erosion,1.2630082600419987,327.11198428290766,0.4131451381080408
403,05210,5,2.0,1.0,6,erosion,1.2630082600419987,330.01988071570577,0.4168178353220115
404,05215,5,2.0,1.5,6,erosion,1.3776853027098772,259.1463414634146,0.3570221058851816
405,05215,5,2.0,1.5,6,erosion,1.3776853027098772,281.12449799196787,0.38730108911522654
406,05215,5,2.0,1.5,6,erosion,1.3776853027098772,265.2859960552268,0.36548061778003643
407,05220,5,2.0,2.0,6,erosion,1.3882822500624248,138.27655310621242,0.19196688427716896
408,05220,5,2.0,2.0,6,erosion,1.3882822500624248,144.60285132382893,0.20074957180128752
409,05220,5,2.0,2.0,6,erosion,1.3882822500624248,277.8884462151394,0.3857875973779049
410,05225,5,2.0,2.5,6,erosion,1.6647886437730826,503.0120481927711,0.8374087455123638
411,05225,5,2.0,2.5,6,erosion,1.6647886437730826,492.04771371769385,0.8191554459917255
412,05225,5,2.0,2.5,6,erosion,1.6647886437730826,553.0,0.9206281200065147
413,05235,5,2.0,3.5,6,erosion,1.29003458313493,249.51830443159923,0.32188724184195266
414,05235,5,2.0,3.5,6,erosion,1.29003458313493,277.89046653144015,0.35848831214905763
415,05235,5,2.0,3.5,6,erosion,1.29003458313493,205.82329317269074,0.26551916620749055
416,05238,5,2.0,3.8,6,erosion,1.4632823503172763,204.7713717693837,0.29963833416039654
417,05238,5,2.0,3.8,6,erosion,1.4632823503172763,200.3968253968254,0.29323713766278753
418,05238,5,2.0,3.8,6,erosion,1.4632823503172763,189.27125506072875,0.2769572869527638
419,05105,5,1.0,0.5,6,erosion,1.0522193692928756,490.9274193548387,0.5165633395621274
420,05105,5,1.0,0.5,6,erosion,1.0522193692928756,473.7903225806452,0.49853135440287455
421,05105,5,1.0,0.5,6,erosion,1.0522193692928756,442.8007889546351,0.4659235668762339
422,06100,6,1.0,0.0,2,erosion,0.9736869532538414,599.2063492063492,0.5834394045290875
423,06100,6,1.0,0.0,2,erosion,0.9736869532538414,571.1462450592885,0.5561176472141505
424,06100,6,1.0,0.0,2,erosion,0.9736869532538414,571.5705765407555,0.5565308132415098
425,06200,6,2.0,0.0,2,erosion,1.1887200994025637,436.63366336633663,0.5190352117193372
426,06200,6,2.0,0.0,2,erosion,1.1887200994025637,383.69781312127236,0.45610930255406523
427,06200,6,2.0,0.0,2,erosion,1.1887200994025637,416.00790513833994,0.49451695834829973
428,06204,6,2.0,0.4,2,erosion,1.353616267250215,376.7258382642998,0.5099422229680297
429,06204,6,2.0,0.4,2,erosion,1.353616267250215,394.8412698412698,0.5344635658388746
430,06204,6,2.0,0.4,2,erosion,1.353616267250215,397.23320158102763,0.5377013235519628
431,06300,6,3.0,0.0,2,erosion,1.2318745930139716,197.3684210526316,0.24313314335802072
432,06300,6,3.0,0.0,2,erosion,1.2318745930139716,296.44268774703556,0.36518021532034733
433,06300,6,3.0,0.0,2,erosion,1.2318745930139716,295.049504950495,0.36346398882986486
434,06305,6,3.0,0.5,2,erosion,1.4124334324007888,316.73306772908364,0.44736437400742113
435,06305,6,3.0,0.5,2,erosion,1.4124334324007888,219.06693711967546,0.30941746592147096
436,06310,6,3.0,1.0,2,erosion,1.5354073098175607,263.74745417515277,0.40495976908630166
437,06310,6,3.0,1.0,2,erosion,1.5354073098175607,293.6507936507937,0.45087357510515674
438,06310,6,3.0,1.0,2,erosion,1.5354073098175607,298.2283464566929,0.45790198314441033
439,06315,6,3.0,1.5,2,erosion,1.636119383106113,495.9677419354839,0.8114624359760158
440,06315,6,3.0,1.5,2,erosion,1.636119383106113,543.0861723446894,0.8885538132700534
441,12323,12,3.0,2.3,3,erosion,1.3021607528945944,240.96385542168676,0.31377367539628787
442,15100,15,1.0,0.0,6,erosion,1.0200177928417236,407.9207920792079,0.4160864659908813
443,15100,15,1.0,0.0,6,erosion,1.0200177928417236,186.04651162790697,0.18977075215659972
444,15104,15,1.0,0.4,6,erosion,1.0160747426640313,139.95943204868155,0.14220924390226808
445,15104,15,1.0,0.4,6,erosion,1.0160747426640313,118.18181818181819,0.12008156049665826
446,15300,15,3.0,0.0,6,erosion,1.1361734793262364,118.05555555555556,0.13413159130934735
447,15300,15,3.0,0.0,6,erosion,1.1361734793262364,114.83739837398373,0.13047520646734218
448,15305,15,3.0,0.5,6,erosion,1.258736622349499,129.4820717131474,0.16298382560302274
449,15305,15,3.0,0.5,6,erosion,1.258736622349499,137.82696177062374,0.17348784432784845
450,15310,15,3.0,1.0,6,erosion,1.317553787500073,127.01612903225806,0.1673505818800496
451,15310,15,3.0,1.0,6,erosion,1.317553787500073,275.4901960784314,0.362973151262275
452,15315,15,3.0,1.5,6,erosion,1.232449621164885,419.35483870967744,0.5168337121014034
453,15315,15,3.0,1.5,6,erosion,1.232449621164885,481.74442190669373,0.5937257302772012
454,15320,15,3.0,2.0,6,erosion,1.2332710899519042,322.0,0.3971132909645131
455,15320,15,3.0,2.0,6,erosion,1.2332710899519042,235.0597609561753,0.28989240759825635
456,15325,15,3.0,2.5,6,erosion,1.7547394759516837,190.2834008097166,0.33389779501914624
457,15325,15,3.0,2.5,6,erosion,1.7547394759516837,207.10059171597632,0.3634075837769759
458,15335,15,3.0,3.5,6,erosion,1.826042966664949,226.81451612903226,0.414173051914933
459,15335,15,3.0,3.5,6,erosion,1.826042966664949,145.4183266932271,0.2655401126823531
460,15338,15,3.0,3.8,6,erosion,2.079383940581666,138.06706114398423,0.2870944296661077
461,15338,15,3.0,3.8,6,erosion,2.079383940581666,135.2941176470588,0.28132841549046067
462,08105,8,1.0,0.5,1,erosion,1.057887503923308,280.1980198019802,0.29641798377257045
463,08105,8,1.0,0.5,1,erosion,1.057887503923308,235.88709677419354,0.2495420120141674
464,08200,8,2.0,0.0,1,erosion,0.978122884703745,272.26720647773277,0.2663107854102302
465,08200,8,2.0,0.0,1,erosion,0.978122884703745,195.2662721893491,0.1909944094391928
466,08205,8,2.0,0.5,1,erosion,1.1426630827436879,76.38888888888889,0.08728676326514283
467,08205,8,2.0,0.5,1,erosion,1.1426630827436879,114.91935483870967,0.13131410426691573
468,08300,8,3.0,0.0,1,erosion,1.2389392245823365,136.0,0.16849573454319774
469,08300,8,3.0,0.0,1,erosion,1.2389392245823365,135.0293542074364,0.1672931633976149
470,08305,8,3.0,0.5,1,erosion,1.0965786837919116,207.7534791252485,0.22781803669235537
471,08305,8,3.0,0.5,1,erosion,1.0965786837919116,148.26175869120655,0.1625806842022773
472,08312,8,3.0,1.2,1,erosion,1.3604344581824743,354.043392504931,0.48165283085553084
473,08312,8,3.0,1.2,1,erosion,1.3604344581824743,392.85714285714283,0.534456394285972
474,08315,8,3.0,1.5,1,erosion,1.2965241865523816,212.70161290322582,0.2757727856477344
475,08315,8,3.0,1.5,1,erosion,1.2965241865523816,158.31663326653307,0.2052613441636035
476,08320,8,3.0,2.0,1,erosion,1.3072032807836311,96.61354581673307,0.12629354405977314
477,08320,8,3.0,2.0,1,erosion,1.3072032807836311,231.8271119842829,0.30304516136044884
478,08325,8,3.0,2.5,1,erosion,1.151863533158303,274.5490981963928,0.31624309427392283
479,08325,8,3.0,2.5,1,erosion,1.151863533158303,212.5748502994012,0.2448572181264656
480,08330,8,3.0,3.0,1,erosion,1.4022472194417508,205.5888223552894,0.28828635449600865
481,08330,8,3.0,3.0,1,erosion,1.4022472194417508,92.5553319919517,0.12978545693022242
482,08340,8,3.0,4.0,1,erosion,1.5232495717696768,69.6969696969697,0.10616587924455324
483,08340,8,3.0,4.0,1,erosion,1.5232495717696768,59.356136820925556,0.0904142099943772
484,08350,8,3.0,5.0,1,erosion,1.40093286938252,134.7305389221557,0.18874844048566888
485,08350,8,3.0,5.0,1,erosion,1.40093286938252,113.77245508982034,0.1593875719656759
486,08355,8,3.0,5.5,1,erosion,1.603835659776259,168.95874263261297,0.27098205646514395
487,08355,8,3.0,5.5,1,erosion,1.603835659776259,244.6183953033268,0.3923277054247209
488,08357,8,3.0,5.7,1,erosion,1.506902342907995,324.4575936883629,0.48892590810328435
489,08357,8,3.0,5.7,1,erosion,1.506902342907995,302.020202020202,0.4551149500297884
490,07340,7,3.0,4.0,3,erosion,1.2098592295218573,192.3828125,0.23275612130449796
491,07340,7,3.0,4.0,3,erosion,1.2098592295218573,212.03155818540435,0.25652833762051214
492,09100,9,1.0,0.0,2,erosion,0.9776300034315334,252.47524752475243,0.24682737710400096
493,09100,9,1.0,0.0,2,erosion,0.9776300034315334,268.6868686868687,0.2626763443563514
494,09200,9,2.0,0.0,2,erosion,1.3653632709045893,115.61866125760648,0.1578614735122953
495,09200,9,2.0,0.0,2,erosion,1.3653632709045893,122.78978388998036,0.1676526609656912
496,09300,9,3.0,0.0,2,erosion,1.1399522357465246,124.75247524752476,0.14221186307332884
497,09300,9,3.0,0.0,2,erosion,1.1399522357465246,186.8884540117417,0.21304391098589648
498,09305,9,3.0,0.5,2,erosion,1.2064912074950787,233.0,0.2811124513463533
499,09305,9,3.0,0.5,2,erosion,1.2064912074950787,229.3762575452716,0.2767404379364969
500,09310,9,3.0,1.0,2,erosion,1.1889939223315702,231.0,0.27465759605859275
501,09310,9,3.0,1.0,2,erosion,1.1889939223315702,158.31663326653307,0.1882375147579039
502,09315,9,3.0,1.5,2,erosion,1.0665950730657112,168.35699797160242,0.1795687445526451
503,09315,9,3.0,1.5,2,erosion,1.0665950730657112,175.75757575757575,0.18746216435700377
504,09320,9,3.0,2.0,2,erosion,1.1819292907632053,155.688622754491,0.18401294347211578
505,09320,9,3.0,2.0,2,erosion,1.1819292907632053,119.3293885601578,0.14103889958811425
506,09325,9,3.0,2.5,2,erosion,0.9267810855150458,133.85826771653544,0.12405731065949432
507,09325,9,3.0,2.5,2,erosion,0.9267810855150458,127.04918032786885,0.1177467772580591
508,09330,9,3.0,3.0,2,erosion,1.2169238610902224,116.2109375,0.14141986276341453
509,09330,9,3.0,3.0,2,erosion,1.2169238610902224,138.3838383838384,0.16840259491854595
510,09340,9,3.0,4.0,2,erosion,1.3085176308428617,107.14285714285714,0.1401983175903066
511,09340,9,3.0,4.0,2,erosion,1.3085176308428617,105.26315789473685,0.13773869798345914
512,09345,9,3.0,4.5,2,erosion,,184.04907975460122,
513,09345,9,3.0,4.5,2,erosion,,155.62248995983936,
514,19200,19,2.0,0.0,2,erosion,1.1378164169002747,425.6619144602851,0.48432511432211284
515,19200,19,2.0,0.0,2,erosion,1.1378164169002747,355.8467741935484,0.40488830157842437
516,19205,19,2.0,0.5,2,erosion,1.2105985514301745,216.53543307086616,0.26213748160889605
517,19205,19,2.0,0.5,2,erosion,1.2105985514301745,290.258449304175,0.35138645826800297
518,19210,19,2.0,1.0,2,erosion,1.0360364341885977,174.74747474747474,0.18104475062083575
519,19210,19,2.0,1.0,2,erosion,1.0360364341885977,197.9591836734694,0.20509292676794688
520,19215,19,2.0,1.5,2,erosion,1.0418688625764339,175.54240631163708,0.18289216719783552
521,19215,19,2.0,1.5,2,erosion,1.0418688625764339,206.96721311475412,0.21563269491848325
522,19220,19,2.0,2.0,2,erosion,1.0280681869545116,220.67594433399606,0.22686991799592607
523,19220,19,2.0,2.0,2,erosion,1.0280681869545116,203.92156862745097,0.20964527733974353
524,19222,19,2.0,2.2,2,erosion,1.093128514886431,237.20472440944883,0.2592952481177459
525,19222,19,2.0,2.2,2,erosion,1.093128514886431,197.60479041916167,0.21600743108534262
526,19300,19,3.0,0.0,2,erosion,1.2375427276444038,199.80314960629917,0.24726493475572234
527,19300,19,3.0,0.0,2,erosion,1.2375427276444038,226.90763052208834,0.28080788799963374
528,19303,19,3.0,0.3,2,erosion,1.0350506716441745,324.2971887550201,0.3356640230332012
529,19303,19,3.0,0.3,2,erosion,1.0350506716441745,337.27810650887574,0.34909993067288725
530,19312,19,3.0,1.2,2,erosion,1.1633640961765717,289.8406374501992,0.3371901912224924
531,19312,19,3.0,1.2,2,erosion,1.1633640961765717,231.4629258517034,0.2692756575318518
532,19315,19,3.0,1.5,2,erosion,1.3184574031657939,408.63453815261045,0.5387672320165443
533,19315,19,3.0,1.5,2,erosion,1.3184574031657939,449.60474308300394,0.5927847020162413
534,19320,19,3.0,2.0,2,erosion,1.394771853479876,339.67935871743487,0.4737752087471723
535,19320,19,3.0,2.0,2,erosion,1.394771853479876,271.1198428290766,0.37815032569788387
536,19324,19,3.0,2.4,2,erosion,1.3664311803277143,303.1496062992126,0.414233074351315
537,19324,19,3.0,2.4,2,erosion,1.3664311803277143,416.50099403578537,0.5691199448879845
538,18100,18,1.0,0.0,5,erosion,1.1708394621384461,310.03937007874015,0.36300632930473475
539,18100,18,1.0,0.0,5,erosion,1.1708394621384461,306.54761904761904,0.35891804940553557
540,18104,18,1.0,0.4,5,erosion,0.969990343712255,294.6954813359528,0.2858517712315093
541,18104,18,1.0,0.4,5,erosion,0.969990343712255,207.60233918128654,0.20137226433792427
542,18200,18,2.0,0.0,5,erosion,0.9549574649098039,344.9304174950298,0.32939387706133394
543,18200,18,2.0,0.0,5,erosion,0.9549574649098039,422.4652087475149,0.403436304758118
544,18205,18,2.0,0.5,5,erosion,1.0314362089812903,339.67935871743487,0.35035759002470684
545,18205,18,2.0,0.5,5,erosion,1.0314362089812903,267.9282868525896,0.2763509364700867
546,18209,18,2.0,0.9,5,erosion,1.0914855773123926,183.07086614173227,0.1998192100197884
547,18209,18,2.0,0.9,5,erosion,1.0914855773123926,255.40275049115914,0.2787684185670158
548,18300,18,3.0,0.0,5,erosion,1.1650070337506098,305.38922155688624,0.35578059114539584
549,18300,18,3.0,0.0,5,erosion,1.1650070337506098,272.18934911242604,0.31710250622797664
550,18305,18,3.0,0.5,5,erosion,1.1867759566066183,209.07297830374753,0.24812278382702474
551,18305,18,3.0,0.5,5,erosion,1.1867759566066183,234.77406679764243,0.2786242177101982
552,18310,18,3.0,1.0,5,erosion,1.4209767077857882,316.40625,0.44960591144784706
553,18310,18,3.0,1.0,5,erosion,1.4209767077857882,351.08481262327416,0.4988833411950105
554,18315,18,3.0,1.5,5,erosion,1.3601880175463683,338.2936507936508,0.46014297022153927
555,18315,18,3.0,1.5,5,erosion,1.3601880175463683,285.99605522682447,0.38900840738505604
556,18320,18,3.0,2.0,5,erosion,1.3648703896323777,184.89065606361828,0.25235178178093665
557,18320,18,3.0,2.0,5,erosion,1.3648703896323777,222.76264591439687,0.30404213932472224
558,18325,18,3.0,2.5,5,erosion,1.3873786343967036,568.452380952381,0.7886586880052691
559,18325,18,3.0,2.5,5,erosion,1.3873786343967036,850.6876227897839,1.1802258324042685
560,18330,18,3.0,3.0,5,erosion,1.24378589042575,192.15686274509804,0.23900199463083038
668,01310,1,3.0,1.0,6,erosion,1.267937072764114,460.55226824457594,0.5839512948529005
669,18330,18,3.0,3.0,5,erosion,1.24378589042575,444.33198380566796,0.5526538521223726
561,001_1,1,,,1,deposition,0.21846074200489976,452.33265720081135,0.0988169279251372
562,001_1,1,,,1,deposition,0.21846074200489976,587.0,0.12823645555687616
563,001_2,1,,,1,deposition,0.19763908741439495,559.0631364562119,0.11049272809623507
564,001_2,1,,,1,deposition,0.19763908741439495,954.5454545454545,0.18865549253192246
565,001_3,1,,,1,deposition,0.22324233282944156,602.8225806451613,0.13457551918549
566,001_3,1,,,1,deposition,0.22324233282944156,746.4503042596349,0.16663930726416734
567,002_1,2,,,2,deposition,0.2913510227408318,257.4850299401198,0.0750185268135076
568,002_1,2,,,2,deposition,0.2913510227408318,213.57285429141717,0.06222466952748305
569,002_2,2,,,2,deposition,0.3049858014253587,422.0,0.12870400820150138
570,002_2,2,,,2,deposition,0.3049858014253587,504.9212598425197,0.15399381508977264
571,002_3,2,,,2,deposition,0.32735060578196556,367.4089068825911,0.12027152823770598
572,003_1,3,,,5,deposition,0.4175198169974919,189.8238747553816,0.07925522944962175
573,003_1,3,,,5,deposition,0.4175198169974919,226.45290581162322,0.0945485757930192
574,003_2,3,,,5,deposition,0.427590137067361,226.53061224489798,0.09686225553974913
575,003_2,3,,,5,deposition,0.427590137067361,175.70281124497993,0.07512878914336162
576,003_3,3,,,5,deposition,0.4069423585068395,224.9034749034749,0.09152275051360387
577,003_3,3,,,5,deposition,0.4069423585068395,233.26572008113587,0.09492570228861366
578,004_1,4,,,1,deposition,0.30419611445585143,272.8174603174603,0.08299001138428486
579,004_1,4,,,1,deposition,0.30419611445585143,437.98449612403095,0.13323318191283415
580,004_2,4,,,1,deposition,0.308600973882096,414.8936170212766,0.12803657427023135
581,004_2,4,,,1,deposition,0.308600973882096,336.08247422680415,0.10371537885109619
582,004_3,4,,,1,deposition,0.3165050884117553,348.1781376518219,0.11020015224053019
583,004_3,4,,,1,deposition,0.3165050884117553,344.311377245509,0.10897630289626305
584,005_1,5,,,5,deposition,0.3914601470037397,133.59528487229863,0.052297229855116506
585,005_1,5,,,5,deposition,0.3914601470037397,214.28571428571428,0.08388431721508707
586,005_2,5,,,5,deposition,0.3858598898713596,131.6326530612245,0.050791761013678965
587,005_2,5,,,5,deposition,0.3858598898713596,184.3687374749499,0.07114050073780578
588,005_3,5,,,5,deposition,0.39943670987922536,189.75903614457832,0.07579672506744337
589,005_3,5,,,5,deposition,0.39943670987922536,360.94674556213016,0.14417538048895115
590,006_1,6,,,5,deposition,0.40876805682166456,139.22764227642276,0.05691181278919517
591,006_1,6,,,5,deposition,0.40876805682166456,113.72549019607841,0.04648734763854224
592,006_2,6,,,5,deposition,0.4209103995821677,189.13480885311873,0.07960880796926312
593,006_2,6,,,5,deposition,0.4209103995821677,113.59026369168359,0.047811323279110335
594,006_3,6,,,5,deposition,0.3545114906322801,184.3687374749499,0.06536083594823601
595,006_3,6,,,5,deposition,0.3545114906322801,164.6341463414634,0.05836469662848513
596,007_1,7,,,6,deposition,0.385048468398104,121.64948453608248,0.046840947702037394
597,007_1,7,,,6,deposition,0.385048468398104,148.7279843444227,0.05726748257975716
598,007_2,7,,,6,deposition,0.3785208724391462,137.8968253968254,0.05219682665579496
599,007_2,7,,,6,deposition,0.3785208724391462,148.11133200795229,0.056063230609774146
600,007_3,7,,,6,deposition,0.37455794792244257,99.01960784313725,0.03708858111781049
601,007_3,7,,,6,deposition,0.37455794792244257,139.37621832358676,0.05220447032447299
602,008_1,8,,,4,deposition,0.35358415180570235,294.3469785575049,0.10407642674982662
603,008_1,8,,,4,deposition,0.35358415180570235,311.8811881188119,0.1102762453651448
604,008_2,8,,,4,deposition,0.3244309374451625,436.86354378818737,0.1417320490468174
605,008_2,8,,,4,deposition,0.3244309374451625,357.57575757575756,0.11600863823796718
606,008_3,8,,,4,deposition,0.3317989342157065,525.440313111546,0.17434053588437806
607,008_3,8,,,4,deposition,0.3317989342157065,396.20758483033933,0.1314612543748857
608,009_1,9,,,4,deposition,0.36918228066212433,294.5344129554656,0.10873688630837873
609,009_1,9,,,4,deposition,0.36918228066212433,381.2375249500998,0.14074613893506135
610,009_2,9,,,4,deposition,0.36265468470316653,333.6594911937378,0.12100317757708394
611,009_2,9,,,4,deposition,0.36265468470316653,366.46586345381525,0.13290056216531704
612,009_3,9,,,4,deposition,0.3862003970967437,418.7866927592955,0.1617355870424719
613,009_3,9,,,4,deposition,0.3862003970967437,396.62027833001986,0.1531749089876747
614,010_1,10,,,3,deposition,0.2936186559651983,456.12244897959187,0.1339260604249425
615,010_1,10,,,3,deposition,0.2936186559651983,455.55555555555554,0.13375960993970146
616,010_2,10,,,3,deposition,0.3093182125057773,370.65637065637065,0.11465076602530741
617,010_2,10,,,3,deposition,0.3093182125057773,467.5196850393701,0.14461235328764196
618,010_3,10,,,3,deposition,0.3046380493653924,495.98393574297194,0.1510955787013091
619,010_3,10,,,3,deposition,0.3046380493653924,583.3333333333334,0.1777055287964789
620,011_1,11,,,3,deposition,0.3695662568950042,161.67664670658684,0.05975023315068931
621,011_1,11,,,3,deposition,0.3695662568950042,166.0,0.0613479986445707
622,011_2,11,,,3,deposition,0.36916054615837646,194.9317738791423,0.07196112010884531
623,011_2,11,,,3,deposition,0.36916054615837646,177.16535433070865,0.06540245896506669
624,011_3,11,,,3,deposition,0.3708196132778008,176.64670658682635,0.0655040634233241
625,011_3,11,,,3,deposition,0.3708196132778008,202.62096774193546,0.07513582890003825
626,012_1,12,,,3,deposition,0.28415690200027166,482.0717131474104,0.13698400454993176
627,012_1,12,,,3,deposition,0.28415690200027166,436.2549800796813,0.12396486362163246
628,012_2,12,,,3,deposition,0.3255901109783848,379.4466403162055,0.12354407373092861
629,012_2,12,,,3,deposition,0.3255901109783848,451.90380761523045,0.14713541087299753
630,012_3,12,,,3,deposition,0.32451063062557156,446.42857142857144,0.14487081724355874
631,012_3,12,,,3,deposition,0.32451063062557156,421.5885947046843,0.1368099807321656
632,013_1,13,,,4,deposition,0.34527432653941525,573.2931726907631,0.1979434141104479
633,013_1,13,,,4,deposition,0.34527432653941525,510.9780439121756,0.17642759998820418
634,013_2,13,,,4,deposition,0.34428902903617636,550.0,0.18935896596989701
635,013_2,13,,,4,deposition,0.34428902903617636,410.0204498977505,0.14116554258027272
636,013_3,13,,,4,deposition,0.31051361021191276,483.83838383838383,0.15023840332475377
637,013_3,13,,,4,deposition,0.31051361021191276,579.2682926829268,0.17987068884226654
638,014_1,14,,,2,deposition,0.30744180034887375,539.795918367347,0.16595582896383085
639,014_1,14,,,2,deposition,0.30744180034887375,441.4141414141414,0.13570915833581598
640,014_2,14,,,2,deposition,0.29287243800318646,735.3535353535353,0.21536478269325227
641,014_2,14,,,2,deposition,0.29287243800318646,684.1046277665996,0.2003553901832664
642,014_3,14,,,2,deposition,0.3044134594933306,709.0729783037475,0.2158513583586831
643,014_3,14,,,2,deposition,0.3044134594933306,695.0,0.21156735434786475
644,015_1,15,,,6,deposition,0.37907872470200943,232.10831721470018,0.08798732488247801
645,015_1,15,,,6,deposition,0.37907872470200943,378.48605577689244,0.14347601134139798
646,015_2,15,,,6,deposition,0.35765574884114554,341.58415841584156,0.1221695379704903
647,015_2,15,,,6,deposition,0.35765574884114554,364.27145708582833,0.13028378076548713
648,015_3,15,,,6,deposition,0.31225237051174615,466.0,0.1455096046584737
649,015_3,15,,,6,deposition,0.31225237051174615,471.8875502008032,0.1473480061651814
650,016_1,16,,,6,deposition,0.4150493284048126,208.74751491053678,0.08664051586979189
651,016_1,16,,,6,deposition,0.4150493284048126,225.050916496945,0.0934072317489446
652,016_2,16,,,6,deposition,0.4008204732845094,203.59281437125748,0.0816041682136127
653,016_2,16,,,6,deposition,0.4008204732845094,99.00990099009901,0.0396851953747039
654,016_3,16,,,6,deposition,0.3990237543080149,183.53174603174602,0.07323352633629242
655,016_3,16,,,6,deposition,0.3990237543080149,268.3168316831683,0.10706478952224953
656,017_1,17,,,4,deposition,0.37505784150864474,374.4979919678715,0.14045840851679164
657,017_1,17,,,4,deposition,0.37505784150864474,396.8565815324165,0.1488441728580476
658,017_2,17,,,4,deposition,0.325966842376682,385.1626016260163,0.1255502370536204
659,017_2,17,,,4,deposition,0.325966842376682,397.6608187134503,0.12962424141294956
660,017_3,17,,,4,deposition,0.3116655389105524,358.1349206349206,0.11161831304237044
661,017_3,17,,,4,deposition,0.3116655389105524,366.869918699187,0.11434071092145265
662,018_1,18,,,2,deposition,0.3034136723209264,623.7524950099801,0.18925503513031838
663,018_1,18,,,2,deposition,0.3034136723209264,694.9806949806949,0.2108666448562423
664,018_2,18,,,2,deposition,0.2879459504869919,422.53521126760563,0.12166730302267263
665,018_2,18,,,2,deposition,0.2879459504869919,409.8837209302326,0.11802435761240077
666,018_3,18,,,2,deposition,0.24528836446441274,607.7844311377246,0.14908244906070595
667,018_3,18,,,2,deposition,0.24528836446441274,531.5581854043393,0.13038503791550143
