<?xml version="1.0" encoding="UTF-8"?>
<metadata xml:lang="en"><Esri><CreaDate>20200212</CreaDate><CreaTime>17255300</CreaTime><ArcGISFormat>1.0</ArcGISFormat><SyncOnce>TRUE</SyncOnce><DataProperties><lineage><Process ToolSource="c:\program files\arcgis\pro\Resources\ArcToolbox\toolboxes\3D Analyst Tools.tbx\StackProfile" Date="20200212" Time="172553">StackProfile transects dem C:\Users\forrestw\Desktop\transect\transects.csv #</Process><Process ToolSource="c:\program files\arcgis\pro\Resources\ArcToolbox\toolboxes\3D Analyst Tools.tbx\StackProfile" Date="20200212" Time="172627">StackProfile transects dem C:\Users\forrestw\Desktop\transect\transects.csv #</Process><Process ToolSource="c:\program files\arcgis\pro\Resources\ArcToolbox\toolboxes\3D Analyst Tools.tbx\StackProfile" Date="20200212" Time="173851">StackProfile transects dem C:\Users\forrestw\Desktop\transect\transects.csv #</Process><Process ToolSource="c:\program files\arcgis\pro\Resources\ArcToolbox\toolboxes\3D Analyst Tools.tbx\StackProfile" Date="20200212" Time="173903">StackProfile transects dem C:\Users\forrestw\Desktop\transect\transects.csv #</Process><Process ToolSource="c:\program files\arcgis\pro\Resources\ArcToolbox\toolboxes\3D Analyst Tools.tbx\StackProfile" Date="20200212" Time="181303">StackProfile transects dem C:\Users\forrestw\Desktop\transect\transects.csv #</Process></lineage></DataProperties></Esri></metadata>
